UserPrincipalName,FirstName,LastName,DisplayName,UsageLocation,MailNickname,Password
ClaudeL@ithero.work.gd,Claude,Loiselle,Claude Loiselle,US,claudel
LynneB@ithero.work.gd,Lynne,Baxter,Lynne Baxter,US,lynneb
ShawnM@ithero.work.gd,Shawn,Melendez,Shawn Melendez,US,shawnm